District,4,5,6,7,Tot,labels
1,1.0813183085191926,-0.9859705056734458,-0.6516374531323595,0.42253134330110986,397,4
2,-0.13696702504503314,-0.8574152986484624,-0.4722684288558207,1.115177730521766,544,7
3,1.3905017804927915,-0.5375115629786348,-0.6771610600396148,-0.24888714373296633,137,4
4,0.01348595216142265,-0.705099691560743,-0.6771610600396148,0.9141996684870708,142,7
5,1.114485234578843,-1.0156845200483096,-0.6771610600396148,0.43664155866899956,193,4
6,2.137075129849561,-0.9956905137655623,-0.6526262611481369,-0.3282664321976084,413,4
7,-0.15361731035400158,0.01872254418032375,-0.4329954710714133,0.2236729243998356,581,7
8,-0.3036744155260972,-1.0167348451418496,-0.6602447462797144,1.4547636269356,599,7
9,0.36643722741818185,-0.991612061589675,-0.5535894509886348,0.9136691002917022,164,7
10,-0.8201089434585029,-1.047141756599832,-0.6771610600396148,1.8631080080354108,103,7
11,-0.799153847984861,-1.0249839220945627,-0.5292359221975658,1.7803619293280681,137,7
12,-0.3880583514202973,-0.6956485292372946,-0.41050653524539477,1.1127271173373439,380,7
13,-0.3974563094748536,-0.8953605902387364,-0.5927204605214451,1.3782699833696779,240,7
14,-0.3049419223897644,-0.8917752083561907,-0.6173212651054788,1.3154366441068446,508,7
15,-0.06760299447247332,-0.9695539399296234,-0.6771610600396148,1.2417500969078568,313,7
16,-0.35579202876632054,-1.047141756599832,-0.6771610600396148,1.5284281516617713,432,7
17,0.5856945792973628,-1.047141756599832,-0.6771610600396148,0.8498041498345901,151,7
18,-0.024907905979618453,-1.047141756599832,-0.6172032378965358,1.2716487987835758,169,7
19,1.2648270511864994,-0.9859705056734458,-0.6516374531323595,0.29025815295240726,397,4
20,0.5667741869226268,-1.0258391367596782,-0.6771610600396148,0.8417650091410852,285,7
21,-0.4642727596433768,0.6848771982465425,-0.5137276416173508,-0.20565650151788925,992,5
22,-0.4172964431455837,0.2495566029295289,-0.5520638755682523,0.21514004485314384,405,5
23,-0.7267400397989859,-1.036518402873771,-0.6771610600396148,1.7849976203183402,1143,7
24,-0.6415913265705961,-0.9511244737436644,-0.6607249336127204,1.6317173470215396,3699,7
25,-0.5881748710160417,-0.9502601610501965,-0.6771610600396148,1.5973457304219723,282,7
26,-0.727794535092509,-1.047141756599832,-0.648374492022057,1.787792260529933,352,7
27,-0.7644189304521771,-1.0387877880350658,-0.6736753799769453,1.8134032512377876,2907,7
28,-0.7413511858204171,-0.9121462195203321,-0.6712319366094333,1.667164107035215,1709,7
29,-0.672047556632527,-0.8510608239802346,-0.6286784191679384,1.5420788942337798,836,7
30,-0.6366201026329268,-0.912225164278858,-0.6771610600396148,1.593561694791069,990,7
31,-0.2296044252388511,-0.9978020844791995,-0.5659918026487697,1.3533758213773275,2461,7
32,-0.26294733137904186,-0.9653435232315769,-0.6771610600396148,1.3782699833696779,1002,7
33,-0.5237495084964564,-1.0320445180275029,-0.6699618615016536,1.6319347946412943,2815,7
34,-0.4115611440004315,-1.0343870367375552,-0.6771610600396148,1.5556476995754644,238,7
35,-0.8543520887911092,0.8236089307373845,1.5629813051846804,-0.6987337229621958,1746,6
36,-0.8439824627235464,-0.4525782911301605,3.6415388435931186,-0.04123509682371689,725,6
37,-0.8358548493439507,-0.4086140912186707,2.947961229619739,0.11960427319319353,1160,6
38,-0.8449206540666931,-0.0993769294201618,0.9973109199549194,0.4061159898287041,1531,6
39,-0.8535836178768104,-0.22343371904246245,1.8224088687714803,0.28706906833187823,527,6
40,-0.8534741510759413,-0.8720096415677985,6.513280760469143,-0.48303126754770104,520,6
41,-0.8617154373699368,-0.021918047142298988,3.172795561791446,-0.32378672107051676,1137,6
42,-0.8401804179082399,-0.8717162879412793,5.25489713726698,-0.10929837444144233,398,6
43,-0.824515186737318,0.23878201395945112,1.6977308014089074,-0.16621403334899837,1152,6
44,-0.8617154373699368,0.1612131600613183,-0.6443685942073158,0.6535121114466744,309,7
45,-0.8617154373699368,0.33148193785902863,-0.10193252183723615,0.31489161378025443,229,5
46,-0.8617154373699368,-0.6134812812824157,1.0555161768267243,0.9236166797468641,462,7
47,-0.8481107742814363,-0.3243742977374715,0.8668956168640596,0.6771232710180247,315,7
48,-0.8419667328866295,-0.9184425187636955,4.832879903910997,0.06818692034041053,1085,6
49,-0.856969624664646,0.09583934113599393,3.9348105548398187,-0.6793316468767977,903,6
50,-0.8617154373699368,0.35919221420354075,4.22707262949024,-1.032986607703359,531,6
51,-0.7924934731971693,-0.29826551728517475,0.9744524283333956,0.5776784152320968,681,7
52,-0.8538809421727198,-0.825158332305725,0.2490612381487181,1.3792111680233758,547,7
53,-0.8561643118869346,-0.9291771195316229,5.137427373102744,-0.0034963735565298995,772,6
54,-0.8617154373699368,-1.0178120626170117,3.4836800756383113,0.5948360618457117,207,6
55,-0.8617154373699368,-1.047141756599832,-0.6771610600396148,1.8930979889425696,45,7
56,-0.0297598880263627,-1.0259432696778912,-0.6771610600396148,1.2718530213238843,716,7
57,-0.3587926440239599,-1.0320890789441861,-0.6771610600396148,1.515273799728745,1210,7
58,-0.49864999579482233,-1.0058095176512734,-0.6771610600396148,1.5893416770311815,661,7
59,-0.1274670637632154,-0.9521222455335776,-0.6771610600396148,1.2671621271422497,1821,7
60,-0.6720929208709239,-0.8590942938515719,-0.6435342726208746,1.5548149852807356,904,7
61,-0.31546243666175633,-0.976789070657326,-0.6644672022980797,1.4238999005563762,3193,7
62,-0.19829703507676122,-1.0149285252872398,-0.6771610600396148,1.382126372924531,1602,7
63,-0.2218037957185169,-1.0093681631615503,-0.6771610600396148,1.3934119835335863,884,7
64,-0.2874742484284264,-0.9715603700008255,-0.6771610600396148,1.40227509182328,2209,7
65,-0.11939986841441243,-0.8792324604798426,-0.6329127109471242,1.1736876754782664,687,7
66,-0.5211483746246899,-0.9064174963974916,0.052607035133970824,1.2819528233866697,1208,7
67,-0.8566378676153423,0.8267442072421316,-0.5571033356061982,-0.053976648247799144,844,5
68,-0.842440464928208,1.0919031666300028,-0.5252439394671955,-0.3437409318224094,667,5
69,-0.6504599295520225,-0.9936976839374745,-0.32036979446988373,1.5776751967957978,284,7
70,-0.85422335892085,-0.8826237091454976,-0.16343153849550554,1.563680069292782,572,7
71,-0.8494537238566959,-0.5607471748418142,-0.2567700924813451,1.2611631838187625,699,7
72,-0.8617154373699368,-1.047141756599832,0.43272755026005977,1.5547526059697157,493,7
73,-0.8001426087366367,-0.7331117572320478,2.2345837509317534,0.641533354705022,348,6
74,-0.8617154373699368,-0.9031158323155807,0.13642719809165516,1.4985217802918132,548,7
75,-0.844435320947043,-0.6432080074130451,1.038889833394156,0.9464787528891878,248,7
76,-0.7164453060859474,-0.6502321690211798,1.8253884268911285,0.6216099364380908,413,6
77,-0.4886024758009836,-0.6016149498682576,1.1124755267633846,0.6252379752182836,402,7
78,-0.8339777747623142,-0.9292534720475247,0.7329149707492383,1.3232883517065532,309,7
79,-0.8014980761585407,-1.0044866278800861,-0.1788230956700888,1.6543721221898005,427,7
80,-0.6679575362025945,-0.6273215092180779,-0.48851716749902296,1.2687321098435305,376,7
81,-0.527782797924922,-0.9345026721018018,1.0523829449336568,1.010535693674755,539,7
82,-0.7611175765042633,-0.7193514442707051,-0.24901154135593753,1.3565166873595558,213,7
83,-0.7408087920536383,-0.7997241813403657,0.1487156499813551,1.3024175812946748,319,7
84,-0.5773250545016232,-1.0401952501302167,1.3633257383857214,1.0590059341471292,437,7
85,-0.7126556504872346,-0.9481540394078132,0.6665458714234334,1.2753043822550996,460,7
86,-0.8358213656304946,-0.8912336098845071,1.4045165595019702,1.0811940043230843,331,7
87,0.30868572539077704,-0.4731793627973693,0.706529436266527,0.043610826065163616,476,7
88,-0.8153860441496374,-0.013388947870207085,0.19919543225706524,0.5406309040321616,185,7
89,-0.6978592745834369,-0.14538306233685158,-0.1407148983947721,0.6938515759610097,340,7
90,-0.6669213976936781,-1.0333434687488234,-0.446868515899152,1.668445768328944,220,7
91,-0.8302046368340714,-0.9801794773228781,-0.6771610600396148,1.8022459879591184,136,7
92,-0.8617154373699368,-0.9801794773228781,-0.6026546487000533,1.8022459879591184,136,7
93,-0.8617154373699368,-1.047141756599832,-0.6771610600396148,1.8930979889425696,119,7
94,-0.8617154373699368,-1.047141756599832,-0.6771610600396148,1.8930979889425696,72,7
95,-0.8617154373699368,-1.047141756599832,-0.6771610600396148,1.8930979889425696,124,7
96,-0.786968887261605,-1.047141756599832,-0.5593369676886804,1.8033024065752046,172,7
97,-0.756162016855708,-1.047141756599832,0.021657694593513622,1.6039827542858716,203,7
98,-0.8409121904142199,-0.9881976143236784,0.40499031242624906,1.4882332466959265,206,7
99,0.8373388348624704,-0.7752512563446429,-0.3713857911584097,0.29853599929015817,3115,4
100,0.6787426697054191,-0.7137233182629268,0.5723743217469801,0.06254129613671,2003,4
101,1.053889148806391,-1.0016074066915033,0.8326368593452591,0.005738520512347662,1000,4
102,-0.27451502159690855,-1.0368077197412042,0.004112883306979739,1.2516442015734515,1175,7
103,-0.5202715759536655,-0.9755701496978519,1.7201281555493975,0.8433511287988192,1230,6
104,-0.3762073670260771,-0.061444262301190856,3.205148038235555,-0.6433828984607154,2242,6
105,0.48565851788031156,0.15585780463634807,0.5160103521597464,-0.6659633944072031,1673,5
106,-0.19329606671091645,1.1556999498797873,-0.5314449812250742,-0.8746720410178895,904,5
107,0.11266485372646454,0.15432600238484143,1.6800649391412903,-0.7504083386201326,950,6
108,0.1256728777586523,0.51753820066182,0.7669537060668502,-0.8510208816169783,842,5
109,-0.4225555187146653,0.08570828097145454,3.554243192501971,-0.8661339179536474,1171,6
110,-0.23862626360742922,-0.1386615928391541,2.6008803073620292,-0.47976840831019424,2476,6
111,-0.4954105927806693,-0.7117254195405657,2.1183567725146615,0.4355515714971479,1439,6
112,1.3947522494106734,-0.9407982642449242,0.0058934710946240455,-0.04980387922264383,1884,4
113,1.3346947114045513,-0.8555142319355228,1.5108488633470265,-0.5520771076661559,1996,4
114,2.0006139596207806,-0.8728113283199218,0.7270196959928699,-0.7755235830157918,801,4
115,2.3020535291840636,-0.9764343834035853,0.5469442752573418,-0.8324620405609763,2533,4
116,1.0608750501197124,-0.9951619051063061,1.3586670927272158,-0.16621403334899837,876,4
117,0.0708367592197269,-0.003331077638143944,-0.07120858509195191,-0.025961885651399876,602,5
118,0.5552541093073642,-0.3225090913920202,-0.40749591964287935,0.05217268514401885,1240,4
119,0.16629254832404938,0.1367290038325555,-0.431108981973425,-0.12757352078944348,1359,5
120,-0.2533469150241626,1.024224749033945,-0.35926703832415247,-0.7500895596693135,1275,5
121,-0.6636652534709678,0.9079548799098573,0.7276913921210845,-0.6673740387739374,1017,5
122,0.0799542234048152,0.2514132882595932,0.4154985797071995,-0.4401255764971392,1966,5
123,0.12177349244405337,0.29849231864339,-0.41190263223384616,-0.26594511296259515,1146,5
124,-0.2186876781288506,1.0745620597159689,-0.39269514878769757,-0.816103403404227,1033,5
125,-0.03673499543353376,1.2315367357980131,-0.6117032309557623,-1.04022436839135,1548,5
126,-0.5938736328150811,0.2496124743521898,1.7282339996293472,-0.3527801454602758,1744,6
127,-0.7434328570145017,0.71880472250591,0.4738127168322523,-0.34000947472073895,942,5
128,-0.40230756310890775,0.6222026590246577,1.7192382781683433,-0.8672564239163407,1222,6
129,0.40480789123146266,0.33525176601981305,0.03854364963111716,-0.644678722543136,1614,5
130,0.5792571889586181,0.5283375234097176,-0.3999700342656839,-0.833221441785002,2632,5
131,0.2940114043313304,0.67981718349295,0.06086307748139579,-0.922240986414702,1016,5
132,-0.8420958938054215,1.1665403950368156,-0.537991465019479,-0.41605208445108205,1529,5
133,-0.858367414813001,1.132340929116527,-0.5979979979913307,-0.3512303478517564,1280,5
134,-0.8502613395806493,0.9858797462437104,-0.5997813583047513,-0.20749462944304467,2619,5
135,-0.8617154373699368,1.1998386879729106,-0.6717220520191207,-0.3950264802702837,1863,5
136,-0.8584315531761608,0.9138011283412208,-0.6383377958933298,-0.11650650177644324,1305,5
137,-0.8504180677577812,1.0948666192869845,-0.597024111463496,-0.3191242845648485,1138,5
138,-0.8617154373699368,1.233844050581539,-0.6543649476837534,-0.4349206639292254,889,5
139,-0.8216643264084631,1.1019093372044673,-0.48776158448484164,-0.3803247459470702,428,5
140,-0.8617154373699368,1.078840137321371,-0.3281528415948262,-0.37663742024216657,871,5
141,-0.8617154373699368,0.676792478612613,-0.2518306328369823,0.009208842623987086,405,5
142,-0.8617154373699368,1.3165336987109817,-0.6375795290154728,-0.5241803809738999,1536,5
143,-0.8587248798871192,1.357207494200498,-0.46502836062202174,-0.6203261052569784,1433,5
144,-0.829813683973825,1.427305546110835,-0.47601223736605924,-0.7091467935685495,806,5
145,-0.49938716531905336,0.719950928537123,-0.007544644035470395,-0.37034408803679214,1029,5
146,-0.6856002782105797,0.8657167783619221,0.1475126435544357,-0.4317175978668476,1241,5
147,-0.843784605265846,1.3629399435690308,-0.11540142307773281,-0.7435107090541659,956,5
148,-0.8617154373699368,1.5435513324325918,-0.6455616672885326,-0.7527540480141642,962,5
149,-0.853786725301708,1.4759919709754592,-0.6771610600396148,-0.6800895356738369,2162,5
150,-0.8579446772530185,0.810558220595805,-0.6637872739302698,-0.004042079107823272,2273,5
151,-0.8587680722579164,1.1867763727863085,-0.6632231343970008,-0.386449947699988,1454,5
152,-0.8580162842643022,1.1067489425597827,-0.637801609249963,-0.3133077492269675,2317,5
153,-0.8594717363893726,1.2128877571748078,-0.6559403858151532,-0.41473310200774516,1910,5
154,-0.8382242219352118,1.220661418161097,-0.6652587045867796,-0.43511793289255274,2554,5
155,-0.8459310216318975,1.4042778179615114,-0.6771610600396148,-0.6127775519950981,2172,5
156,-0.8223590905782029,1.70040711201837,-0.6616515621689305,-0.9358293682105154,1960,5
157,-0.8575748877343061,1.3842898745759815,-0.6086295589813902,-0.6049370294024193,1035,5
158,-0.793184485245027,1.3816805323980856,-0.6339505187083553,-0.6409754670596077,1876,5
159,-0.853212522939624,1.5849364060905977,-0.6470037030688399,-0.8005556830727403,1008,5
160,-0.8617154373699368,1.5517012357700084,-0.6771610600396148,-0.7514142123455231,834,5
161,-0.8353270822413796,1.5660364524249442,-0.6771610600396148,-0.7850220794563167,812,5
162,-0.8231510380639508,1.5240892505971326,-0.6543649476837534,-0.7580635515666537,889,5
163,-0.8383613835667887,1.52803734206072,-0.6587543898449184,-0.7497792930719495,1101,5
164,-0.8462723062965037,1.47707475783785,-0.47632936388829233,-0.7478305369421574,1110,5
165,-0.8273706289497238,1.6289642932218023,-0.6681380218008077,-0.8575413996926502,1123,5
166,-0.588781583298829,1.3161429439655175,-0.6482650373908115,-0.7172561761960291,1052,5
167,-0.4275297752494339,1.5291438303187663,-0.6771610600396148,-1.0414216428229148,760,5
168,-0.7186393700719534,1.2935216992072083,-0.6288325770085479,-0.6065597678453669,629,5
169,-0.4016933549706367,1.4625355327606582,-0.6580784386795764,-0.9980830141051967,531,5
170,-0.7686720518796165,1.6201747812401133,-0.6512788839420915,-0.8960468381841326,783,5
171,-0.5172243704183539,1.476037118277547,-0.6608702691357878,-0.9276959708523113,622,5
172,-0.699672049874224,1.58673803778245,-0.6634772356747527,-0.9080391271319501,1481,5
173,-0.721300336685871,1.3161089070565468,-0.6683075240481947,-0.6155920827743536,2289,5
174,-0.7520993029845148,1.6409193382726794,-0.6771610600396148,-0.921211498281717,821,5
175,-0.30686292878004706,1.1984689935962098,-0.6112347624327159,-0.8120099960975578,3074,5
176,-0.8552904465560272,1.4878540353980785,-0.6771610600396148,-0.6910761679660397,2001,5
177,-0.8617154373699368,1.5110426420538952,-0.6771610600396148,-0.7100411292138529,1367,5
178,-0.8593226574297483,1.296949288373874,-0.6715033984303572,-0.49563496823818554,1791,5
179,-0.8236738379580546,1.2632593245586454,-0.6693394684207956,-0.48770832629262595,2591,5
180,-0.8587456044711997,1.1785612788823476,-0.6771610600396148,-0.37385776116841835,1443,5
181,-0.8138331035947671,0.7504899343807431,-0.6771610600396148,0.02936308608651382,537,5
182,-0.7986938362982061,1.1877243142685074,-0.6771610600396148,-0.42646716116617717,1088,5
183,-0.8617154373699368,0.9635270552777648,-0.6771610600396148,-0.1529041055937529,1934,5
184,-0.8564786118633654,0.7012783593642361,-0.6730336172933091,0.10892011871276717,2455,5
185,-0.844403101960549,0.9904425773962322,-0.6708634391930142,-0.19469115733656037,3218,5
186,-0.8565019715878472,0.8842828177761547,-0.6401797755791026,-0.08729879161884696,1644,5
187,-0.8519535492768214,0.5455808850936703,-0.6540793471872678,0.2583138436837737,1317,5
188,-0.8521159870946908,0.9908543203638722,-0.651220907867633,-0.1955386365464302,3125,5
189,-0.8566618184160716,1.1633504657581069,-0.6592373478777391,-0.3653456204102113,1696,5
190,-0.8617154373699368,1.4121852848045644,-0.6678903629287454,-0.6122726987447245,2186,5
191,-0.8531423563539274,1.6332248271512506,-0.6492886941071356,-0.8490466768995408,3999,5
192,-0.8487291680581863,1.7364328458769902,-0.6525965219979654,-0.9562410091735817,1650,5
193,-0.8574618702504553,1.6434901354191946,-0.6771610600396148,-0.8478820824152394,2015,5
194,-0.7737257641558488,1.3897843152243536,-0.6390675564975834,-0.6616876026221575,3458,5
195,-0.814492639872662,1.7281956861598728,-0.6108647215749361,-0.9852585876695084,2904,5
196,-0.47773294189299526,1.4603744384827564,-0.6506525657500651,-0.9433383216827032,1529,5
197,-0.689479290571719,1.4156834359896093,-0.49769602564132503,-0.791863326225047,1468,5
198,-0.3304298874483183,1.2158680801140416,-0.627245434708677,-0.8078469664028982,1218,5
199,-0.11141315350413271,1.2956029916374885,-0.600974052955552,-1.054859151453872,1862,5
200,-0.2807286954045946,1.2692602916740885,-0.5659545894023869,-0.9166863616792696,1549,5
201,-0.8575098741973385,1.3241596844881403,-0.5081141287176657,-0.5744387914480138,1019,5
202,-0.8617154373699368,1.3007520470370932,-0.6771610600396148,-0.4960551185272458,821,5
203,-0.802508301626232,1.9305650729316641,-0.6771610600396148,-1.1796123180030067,1520,5
204,-0.8587517659502427,1.9758856232062239,-0.6701535414074016,-1.187325181331747,1446,5
205,-0.8617154373699368,1.973816723630672,-0.6771610600396148,-1.1809474936086115,207,5
206,-0.8473987262133299,1.9715794362834302,-0.6545934165158278,-1.1958700444947823,898,5
207,-0.8540764554218483,1.9073151714985017,-0.4423529758179664,-1.1903638626169974,1122,5
208,-0.8617154373699368,1.9414581455876638,-0.5201974671314853,-1.1958700444947823,581,5
209,-0.850934383601691,1.751741135039996,0.0748382413297454,-1.1919845501131001,795,5
210,-0.7973529511690204,1.7073349796152968,0.08375548130058769,-1.1881379593047015,799,5
211,-0.8223992091783984,1.7479609567054168,0.024280450553354448,-1.19329375756114,1199,5
212,-0.8123152198151508,1.7129134587849344,0.0893746416382944,-1.1847426380342732,1388,5
213,-0.8519088724434433,1.9468025318043902,-0.6075990100932965,-1.1817328910236733,437,5
214,-0.8441159758796793,1.901215191605436,-0.46909387436856015,-1.183184344152124,487,5
215,-0.8434014678277244,1.8769159269720461,-0.37404095920515945,-1.1879496136398149,1170,5
216,-0.8476030261529961,1.903510774964389,-0.5270032431137807,-1.1653533460305274,1822,5
217,-0.8588354179661212,1.919119209650614,-0.6771610600396148,-1.127364705043551,1488,5
218,-0.8588886109366402,1.9384218191837264,-0.6704771075711582,-1.1490057537500205,1516,5
219,-0.8289056050098603,1.908032189158604,-0.6473233923653499,-1.1467521782387113,1698,5
220,-0.7938716029708177,1.8943692379179728,-0.5969536304181343,-1.1734566880516353,1516,5
221,-0.8545789363326718,1.8722129003038408,-0.37342801264703107,-1.1752940709165152,1201,5
222,-0.8354242172909326,1.9251618202383123,-0.6647280883314179,-1.1541784514054438,815,5
223,-0.832661411113139,1.9370303277878127,-0.6084636231434768,-1.1853989664153337,295,5
224,-0.13450792445874968,1.2970646421895047,-0.46567643692695754,-1.0809447365356795,1102,5
225,0.6052713270268416,0.8744913587975265,-0.630679996084659,-1.13387814015401,1744,5
226,0.06558849184625595,1.2143272445144844,-0.598854476251513,-1.1003841701999646,647,5
227,-0.24950559838740957,1.4897720240070536,-0.6771610600396148,-1.1296778723496963,420,5
228,-0.5605003728226231,1.726622689360128,-0.6447876672530961,-1.1563944146744967,313,5
229,-0.6540495448516347,1.739747676849714,-0.6593057790842309,-1.0978939659011746,1135,5
230,-0.8235658628339336,1.584932831572997,-0.45465882748135167,-0.880556987075658,1685,5
231,-0.8541103462024521,1.9507719640727417,-0.6591790335228794,-1.1684612775609993,1127,5
232,-0.823874652620465,1.9114182852731816,-0.6659768746729697,-1.148137646627097,906,5
233,-0.39597155548899154,1.6010022983654557,-0.6549884737328745,-1.14404928244587,1371,5
234,-0.8185883671450025,1.8791476795992592,-0.6664270855245933,-1.1189730648488312,1888,5
235,-0.7804192798898723,1.8815354913432616,-0.6661769170128611,-1.1489913968328604,1845,5
236,-0.4703204921481427,1.6386755289907307,-0.6193209062490741,-1.1396669158093364,2803,5
237,-0.5928552229118308,1.780720278264689,-0.6675290524900137,-1.181188637491753,1052,5
238,1.8681958675908878,0.03078761712674447,-0.6771610600396148,-1.1714951174016612,1394,4
239,-0.8329539013103551,1.9630149319708918,-0.6771610600396148,-1.1906872122239143,596,5
240,-0.8617154373699368,1.9604604322169568,-0.6771610600396148,-1.1673564934168992,325,5
241,0.4682576611093467,-1.047141756599832,-0.6771610600396148,0.9344527371861503,58,7
242,-0.5603934072457242,-1.047141756599832,-0.6771610600396148,1.6759049240915058,128,7
243,-0.7225768376011806,-1.047141756599832,-0.6771610600396148,1.7928068190257729,154,7
244,-0.42442269523956017,-1.047141756599832,-0.6771610600396148,1.5778971692040646,147,7
245,0.34295553611181046,-1.047141756599832,-0.6771610600396148,1.024770569404881,217,7
246,0.26260909581850694,-1.047141756599832,-0.600104999642806,1.059194071170509,263,7
247,0.7303721606544569,-1.047141756599832,-0.6205528368989424,0.7282636746575347,358,7
248,0.7965746917001262,-1.0405425754536974,-0.6110771125906125,0.6709410713651824,460,7
249,0.5853260002251277,-1.0415098023749305,-0.6771610600396148,0.8443388978126338,539,7
250,0.10658960996931775,-1.0335595493191971,-0.6544924427193007,1.1744119140488682,447,7
251,-0.33298875824866325,-0.6726168006438816,-0.5455653205307789,1.0907686296081927,154,7
252,-0.607133128090074,-1.047141756599832,-0.6771610600396148,1.7095949374512416,101,7
253,0.22801807601896176,-0.6395009098014607,-0.35869937042823197,0.5957314148988817,350,7
254,0.8304953483304848,-1.047141756599832,-0.5732341683249444,0.6416699138576938,195,7
255,0.7045876571697758,-1.047141756599832,-0.5079665378139687,0.7125276459219863,539,7
256,1.7619167845196722,-1.047141756599832,-0.5620147879693834,-0.03311929327191548,704,4
257,0.15409940657144186,-1.047141756599832,-0.6771610600396148,1.1608981587944567,135,7
258,-0.20364718348235136,-0.11485294449422545,-0.44945607257488757,0.400675231214411,267,7
259,0.0523181334186616,0.3326870285010381,0.4565868495749712,-0.5154330301362048,286,5
260,-0.09645313864177768,-1.047141756599832,-0.6771610600396148,1.3414965544001853,280,7
261,1.5191006031176695,-1.047141756599832,-0.6771610600396148,0.17700463703292962,153,4
262,1.1381700366396523,-1.047141756599832,-0.6771610600396148,0.4515795733384721,150,4
263,0.7530989205260048,-1.047141756599832,-0.6282099878551686,0.7142164689350778,207,7
264,2.8078776693456913,-1.047141756599832,-0.6771610600396148,-0.7519464947792348,167,4
265,1.932473058499034,-0.6468397793837554,0.6961585804756723,-0.946942217624373,273,4
266,-0.19306071961597082,-1.047141756599832,-0.6052967200241512,1.3892237707222925,141,7
267,0.41010113135505527,-1.047141756599832,-0.6771610600396148,0.9763719919224524,155,7
268,2.931978318948019,-1.047141756599832,-0.6771610600396148,-0.841398302952791,61,4
269,0.003619623499596975,-1.047141756599832,-0.6771610600396148,1.2693640591138737,104,7
270,1.3592209858002535,-1.0249839220945627,-0.6771610600396148,0.2696987304937423,137,4
271,1.507486866334803,-1.047141756599832,-0.6771610600396148,0.18537582411541573,123,4
272,1.1497004461630902,-0.9745408997454963,-0.631722172406519,0.3555399095185963,669,4
273,2.101380183305495,-1.047141756599832,-0.6771610600396148,-0.24270276560554233,175,4
274,1.7269688056373995,-0.9290041313441569,-0.5571439642777493,-0.1296272715316355,591,4
275,1.0537592861132736,-1.047141756599832,-0.6771610600396148,0.5124228830879956,132,4
276,2.171077918820429,-0.6579592787508687,-0.6771610600396148,-0.6889624697768579,195,4
277,1.032308751982257,-0.9116228580631394,-0.6319250245834525,0.37619404395101286,224,4
278,2.0061268501831946,-0.6662460539446109,-0.6771610600396148,-0.5616332619639192,263,4
279,1.29098520575002,-1.0189034000675352,-0.630031423099241,0.29832844609816933,215,4
280,2.3251690362250206,-0.8017680465472524,-0.5601533008920355,-0.6893648935154475,433,4
281,2.575145737908212,-1.0170860800926844,-0.6771610600396148,-0.6147770481055775,101,4
282,0.512868918081398,-1.047141756599832,-0.29478853391960114,0.7857320901631416,53,7
283,1.0117135780957205,-1.047141756599832,-0.6771610600396148,0.542729449734984,183,4
284,0.23913895199313986,-1.0192920013042182,-0.30531254839996846,0.9579058320303441,109,7
285,1.001531898663842,-1.047141756599832,-0.6771610600396148,0.5500684091871991,46,4
286,1.740977700084577,-1.0312484407505027,-0.624109374478461,-0.015269696636527308,191,4
287,2.2709372474821765,-1.047141756599832,-0.6179044989742326,-0.38298371990600555,171,4
288,0.546367192289876,-1.047141756599832,-0.38765043312017594,0.7898951198578014,70,7
289,0.5396938148981233,-0.33499315613781894,1.027658626914901,-0.36140948569890996,422,6
290,0.7032029712651752,-0.6975334520602295,0.3475113835516578,0.09698455376972746,356,4
291,2.093780337028471,-0.9599112012198919,0.48753686434893256,-0.6810420389218904,174,4
292,1.8601364143226506,-1.047141756599832,-0.3120125215826648,-0.1801283037698872,222,4
293,2.720731829083445,-0.9059499739383478,-0.34597982748563694,-0.9337640202873388,1591,4
294,2.976608483859389,-1.044338780305075,-0.6490921626928547,-0.8849766782485484,1083,4
295,2.431268676461114,-1.047141756599832,-0.6500315501542591,-0.48875688021394276,747,4
296,2.088872197726283,-1.0335168763160711,-0.4952423537168076,-0.30300854829475776,1114,4
297,1.387604417004975,-1.047141756599832,-0.5381165050868825,0.22939994005864425,583,4
298,0.9330161641416601,-1.0192351070135222,-0.5736587930101933,0.5395052551891235,979,4
299,2.190947321392254,-1.047141756599832,-0.4590366151003115,-0.373757221505585,511,4
300,1.468908026144703,-0.07302382323757599,0.5989002386491434,-1.1670550441828669,1072,4
301,-0.3748181623630937,1.4191311179059793,0.03552064554205179,-1.1847285908124112,1109,5
302,1.0493016663312937,0.5241529425454117,-0.3447339124832724,-1.1846101367179755,823,4
303,-0.6147562141871546,1.676344030760846,-0.23062772021471747,-1.1923796851349662,885,5
304,-0.2982041083064742,1.530181295570722,-0.5949137228465924,-1.1607681350239034,616,5
305,0.003426166074855274,1.141520266715767,-0.1878473244011265,-1.106785117977139,1491,5
306,1.8743739554903782,-0.13986922495021864,-0.4220753710827444,-1.0800544246015769,1867,4
307,1.1779507603541288,0.14149049979760958,0.5456243304513487,-1.1593759073908811,1185,4
308,-0.014705118965875582,0.5004309200231046,2.271305991371298,-1.1910246044423316,1275,6
309,-0.6100460494672767,1.046911059697171,1.5690007931484227,-1.1038908474693525,1209,6
310,-0.7742568889438616,1.0724844441863153,1.9963809538592856,-1.1418356182538958,1372,6
311,-0.17289681594730905,0.3937150545950356,1.7166889457182055,-0.7993358525001277,927,6
312,0.25199323977312776,0.10530446463291863,1.1552505127379118,-0.6409656073503478,835,6
313,-0.24550422689079174,0.8037098145261345,1.1866818648992568,-1.0026292804982346,1071,6
314,2.223884079842939,-0.5086695551309159,0.025697109360179042,-1.0932020318227318,2768,4
315,2.8547787546454617,-1.047141756599832,-0.6485371279995572,-0.7944787181159175,708,4
316,2.3384205366039073,-1.0443152916769065,-0.5545099099014912,-0.45382744428357485,1074,4
317,2.7616977014932464,-0.9235621013162677,-0.22234530480604947,-0.9830601382245681,958,4
318,2.8285494253858534,-1.0387094695797712,-0.536426727509332,-0.8183295070746616,360,4
319,0.9375842113470032,0.49711261892072384,-0.07695610179199754,-1.158199702623595,574,5
320,1.9004031721020125,-0.122225274086905,-0.24176421877405235,-1.171737481733553,512,4
321,0.35932808339484645,1.0593799456543458,-0.5933413472826081,-1.1561222940645224,1088,5
322,1.9035702204666816,-0.6369223880563301,-0.3006016297558851,-0.6323420924487789,296,4
323,-0.783163054771364,1.9142911838060679,-0.6565238463080865,-1.1832876899797626,491,5
324,0.31616197213445774,1.0609299984153862,-0.469763096310777,-1.164257798538552,684,5
325,-0.7046563687304404,1.813655096279459,-0.46495431779499985,-1.1958700444947823,573,5
326,0.8844134946845759,0.5592874824020755,-0.40023785168189063,-1.084590450743623,805,5
327,1.8431812656631303,-0.9086342283615698,-0.11208328379634996,-0.36979621045767047,789,4
328,1.0526550115119344,-0.16261205694446687,0.3682939816139146,-0.7055576582348853,882,4
329,-0.34635235257673586,0.7561018017821929,1.2529097860899778,-0.9016826127388441,1239,6
330,-0.8040633897527482,1.362299180253436,0.9391650857662214,-1.0929704046877724,1561,5
331,-0.8355046185755778,1.1325657578702153,1.560127484992257,-1.0258351068743776,1635,6
332,0.11282267366347393,0.3582721919798765,1.5207563524916359,-0.9094875854180832,1715,6
333,-0.835767093006914,1.4314086358640783,0.6631908875985888,-1.056312569299895,2147,5
334,-0.6371101505314835,0.9091488320542906,1.2474473214311208,-0.8461755501433839,2385,6
335,-0.6591242587694387,0.667597852324348,0.903259270486791,-0.47958760195858474,2898,5
336,-0.8617154373699368,1.2389693614904176,0.5968743046775251,-0.821571637837227,1535,5
337,-0.8563741799463253,0.6705645050022649,1.0277883112038613,-0.37839076019914747,2407,6
338,-0.8579496474992183,0.6453916363020175,1.642358395969159,-0.5389893203367514,2276,6
339,-0.4512926339920188,0.6880917687834998,2.0295460699452623,-0.9935911009681891,3665,6
340,0.4858636417966809,0.13271965378524797,1.5196139118002683,-0.9485112761921819,2560,6
341,-0.8575588235262146,0.8048534643726065,1.5833244362760819,-0.683538779977045,1031,6
342,-0.8617154373699368,-1.047141756599832,-0.6058028069256686,1.8713446929324475,142,7
343,-0.8617154373699368,0.981704732458643,0.7479069922821406,-0.6058278718608633,2382,5
344,0.0831213415876346,0.36950943889522553,1.4407199324075737,-0.8751147661626446,7502,6
345,-0.8409054557923502,1.2514412678003162,0.8285003907408276,-0.9198729006849056,3089,5
346,0.13741101984954776,1.1940155798405758,-0.619258934655727,-1.1252650608733572,875,5
347,1.4036361342013175,0.32735721774313775,-0.6699129399092998,-1.1406309881028411,1398,4
348,2.2804941453619874,-0.27208899220274757,-0.6771610600396148,-1.1604808853555655,611,4
349,2.7439894073961204,-0.6179674241305269,-0.6616317543811008,-1.1473460255787167,2610,4
350,0.9079060374999556,0.6216959431913199,-0.5217231405285562,-1.1279947104267145,2412,5
351,0.6343209817665836,0.8720526761972103,-0.6475846679141612,-1.1471822821463828,1713,5
352,1.3481702207236874,0.30418629148684634,-0.5256010096223871,-1.1210659753089776,1404,4
353,0.46876460721130186,0.9236703006102789,-0.4077622348186961,-1.1534828330582492,1166,5
354,1.2203919131551175,0.05471343654700672,-0.5542887244432483,-0.7663611505972685,1237,4
355,1.789212603272851,-0.17561051008813128,-0.5647297486145899,-0.9388130652905644,721,4
356,1.75527755433404,0.08615761889634937,-0.6501400681938005,-1.154683804048951,375,4
357,0.4971453955897416,0.4091475255717893,-0.09487185658953752,-0.745758745625512,1949,5
358,0.3384101993656524,1.036837749786641,-0.6369512507452483,-1.1048120299036586,1764,5
359,1.2306675371160376,0.45481808807001844,-0.6639327676868989,-1.1474789003678263,766,4
360,2.7610520634132656,-0.6691934121320758,-0.6450187223959023,-1.1125830396281131,1261,4
361,2.4301950096729823,-0.6825277815424512,-0.6488569484692787,-0.8593623537013277,358,4
362,0.40969304004469914,0.9310541090362939,-0.42290449470077174,-1.1138015210971848,2710,5
363,0.04534344514049827,1.1744444631428426,-0.23185996123527597,-1.1570847956444479,1115,5
364,1.7785770313979867,-0.025810543702739407,-0.6188842983304539,-1.067070514703721,1391,4
365,2.357937342771334,-0.3393539341905774,-0.6771610600396148,-1.1478549973429064,772,4
366,2.5728640626095984,-0.5040571282550635,-0.6562037240681973,-1.141565539253381,967,4
367,2.141775567552889,-0.1714811814396645,-0.6555096242657251,-1.169468608311557,468,4
368,0.7528449732644736,0.655076931561989,-0.5114365189291883,-1.0533300476247178,1712,5
369,0.06757722897551748,1.011208339339631,-0.2292526255645863,-1.0078010983388803,1199,5
370,-0.6914088884883417,0.8411981395714642,1.5499340708045684,-0.830104162189954,1233,6
371,-0.12354855017569334,0.0058854741350425,3.2984154914378476,-0.9224446444058301,418,6
372,0.2056210539186378,0.17258951257737062,2.1133815515766474,-0.9680906108778821,1329,6
373,0.1055928581496515,0.4852043552262781,1.8040757082918282,-1.1198079041365439,731,6
374,0.32032302945949653,0.19567428380416424,1.9314095427066549,-1.0187848029889093,1849,6
375,0.27907837447769107,0.26900262303484407,1.9540788801909035,-1.070583229152568,2145,6
376,1.0344899392020863,-0.011244205854654932,1.220934962523782,-1.106416495913633,3833,6
377,-0.7121326807419642,1.1976246836452324,0.8797789613029598,-0.9735621615557861,2779,5
378,-0.8096520342066543,1.3546194483851604,1.1693759681481506,-1.151306344695762,1317,5
379,-0.7326527197747155,0.9537516479961322,2.0485190722512012,-1.066898757677754,1461,6
380,-0.7642420277123266,1.483734789938909,0.1414160458777007,-1.0020524423967525,1275,5
381,0.11996840970029116,0.08798355773979112,2.456664498018171,-0.9249079362985234,1995,6
382,0.4497413020408265,0.5913633645994664,0.5375627450771876,-1.0898030698526564,1660,5
383,1.7465030850850873,-0.6973909598838507,1.818181194850888,-1.103499848244237,1137,4
384,0.8794865287448385,-0.3599949289478801,2.40044474474869,-0.9993798142875926,1745,6
385,0.7611999959000648,-0.4675614994175762,2.8983955169112376,-0.9564604237557814,1587,6
386,1.0912977208425527,-0.43250708552820744,1.7373123324330495,-0.8761135879084939,1536,6
387,-0.29219245843565483,0.807157355678155,1.4605246774644662,-1.0559644601436269,1678,6
388,0.4971587900350124,-0.3493085005504212,2.2142323444299334,-0.6779058631906031,3119,6
389,1.6478684745681664,-0.6140437462309467,0.7750858266152879,-0.7992321258043831,1542,4
390,2.5600019415058317,-0.6537269590817016,-0.047481364532086186,-1.1655612821061903,2446,4
391,0.012716205996487354,0.9205402066038189,0.6952771801501616,-1.1578352578033813,1137,5
392,-0.41789739151512023,1.0656250357316783,0.925141630149262,-1.0651564751511082,898,5
393,-0.48509945017926637,0.6877368589030852,2.1989816309722783,-1.0205137805878584,1832,6
394,-0.2646109209747869,0.9575151576033188,0.7346759594804356,-1.0075730090747987,689,5
395,-0.15866155776419583,0.8693577633513306,1.1019284376427436,-1.1061903273949882,2170,5
396,0.13940508848880925,0.4283594915747772,1.6541553742429498,-1.0406333313891754,2547,6
397,-0.5324258423079847,1.0121504675748587,1.491785184444656,-1.1009292048282118,911,6
398,0.339402135997167,0.1713091290670955,1.8022119559659606,-0.9683583109395845,2023,6
399,0.4725576064649215,0.6223038559460705,0.4432534903081653,-1.1089834557754,1031,5
400,0.9418216558488598,0.179609497901688,-0.6510790215784041,-0.6631522626664617,777,4
401,0.7154405279123508,0.5767412097974112,-0.42753274170535754,-0.9722343497662862,1989,5
402,0.005767352655001856,1.2562524286618872,-0.6648787910187902,-1.0797997305110758,825,5
403,-0.49264469800810345,0.7810031467828823,0.9739822613937404,-0.7365439428684103,1614,5
404,0.34817968925508147,0.68132704181834,-0.5930209608756023,-0.7634878049389016,843,5
405,-0.8015685058207763,1.3067977357371612,0.007252220265550037,-0.7542018081348802,1140,5
406,-0.3660250314639999,0.8999983376224264,-0.30423727667861306,-0.559237305742184,1902,5
407,-0.3855522292724156,1.285314585220396,-0.40046305031905877,-0.9079153973099443,1062,5
408,-0.5354605088680863,1.3212352296643177,-0.5437574798048419,-0.7927305415619167,1747,5
409,-0.7348611464095933,0.8633084454741912,0.07052404251509227,-0.3702899995220365,2331,5
410,-0.5494956134940063,1.178744208366648,-0.2048493635572556,-0.7409338985596299,2553,5
411,-0.6750845004245649,1.439724683203166,-0.30248625527534506,-0.8862117864180716,1217,5
412,-0.45109696237085983,0.7594842721516715,-0.28059792060205674,-0.3621404808139856,741,5
413,-0.5352035232459222,1.4838584720709067,-0.6332958135366695,-0.931101355914438,1155,5
414,-0.33166148623793457,1.2841776943790026,-0.6689695709998571,-0.8637497951437978,1237,5
415,0.8437262569385321,0.45518203289264597,-0.6513118969218077,-0.8727892042628143,392,5
416,-0.49136627551630924,1.402906083117855,-0.6615239119806946,-0.8717190780229616,648,5
417,-0.19941570247065732,1.4475886868625412,-0.6771610600396148,-1.122858072795354,550,5
418,-0.5845085347537226,1.3091812456493463,0.031431383469501493,-0.920455062492501,572,5
419,-0.4464037574637921,1.2061377525308117,-0.3318448703167483,-0.804403382110283,939,5
420,-0.4276944110109736,1.2932795130192536,-0.6031984911185903,-0.823841047766926,1096,5
421,-0.6044778421908161,1.1433144118297742,-0.15951753808914926,-0.6790695178277414,783,5
422,-0.3681993426799403,1.253913826717071,-0.35220015227289764,-0.903183569023313,686,5
423,0.29000432221594263,0.7721241679783013,-0.07904014678591288,-0.970632792056642,1440,5
424,0.9843927382868464,0.4347290115157838,-0.5202768860714307,-0.9933147636136445,1098,4
425,0.8260224875840988,0.563232998913924,-0.5059222248668387,-1.01429955024424,1361,5
426,0.6357637426413019,0.709265301101484,-0.6195879240044991,-0.9911089059146548,1056,5
427,0.5827572876140121,0.5605356791689766,-0.4504114781166976,-0.8531314002252767,2145,5
428,0.8306142334496152,0.555123106222863,-0.5910238178727029,-0.983413974188813,1294,5
429,-0.19437625467803762,1.1774717563344363,-0.29402759356911357,-0.9684236420327285,2010,5
430,-0.023501814304228163,1.1606891099516172,-0.31541021971870553,-1.0679940415913751,2633,5
431,1.2422948827477247,0.1735079849186185,-0.5550782655555141,-0.9027902461415396,664,4
432,0.41987277165849796,-0.2792654066879058,0.47266838020780216,-0.1625627708981268,846,4
433,0.8745702938143949,-0.2896335414275127,-0.4345692824183538,-0.2031906304343441,1086,4
434,-0.09620903583516585,0.608652785521212,0.10664163405248664,-0.5825103632141598,1254,5
435,-0.2603037780627149,0.7383820869425056,0.43403578638047097,-0.6960446955260083,1304,5
436,0.11648941404779696,0.6827864438511657,-0.25233568358174246,-0.7018270205133426,1288,5
437,-0.23861555484789046,0.7113129008550899,0.4905094112557247,-0.7013484799769696,1293,5
438,-0.07469212540780157,0.68107744805672,-0.3229907729610358,-0.5407453075453913,1688,5
439,-0.6819055545918519,0.3397630735528375,1.9092013587686596,-0.4362287215865291,858,6
440,-0.2681955487956624,0.10562659550975578,-0.48099228081646556,0.2324614140045442,1343,7
441,-0.28893101936684323,0.612676587567679,-0.2831733296024683,-0.32885714568065305,823,5
442,0.5743123907447513,0.4971014557705771,-0.19056932033596677,-0.861707275706045,1895,5
443,-0.4157396096900814,1.3730053098994575,-0.5862561084052216,-0.9187497065667902,1672,5
444,-0.424710387833067,0.9050436396892608,0.1894661455416004,-0.6725744730407572,608,5
445,-0.08779953965194025,0.812657851470303,0.006914682892392721,-0.7657605714845181,1185,5
446,-0.3536306734223024,1.1330048539499846,-0.2997729057684653,-0.8066332283633222,1611,5
447,-0.07816766325302571,0.7020986161161621,-0.28254756526163366,-0.5719596694242677,1515,5
448,0.05925187673202795,0.8257904868854392,-0.18544457064438058,-0.8264787198722914,577,5
449,-0.23418616775485326,0.9419089313945086,-0.18882988210321178,-0.7320954185292113,1079,5
450,-0.2888839196887982,1.204405997661246,-0.49385282389966856,-0.8667940529929138,995,5
451,-0.5584361017509003,1.1833408604481468,-0.45891458743880703,-0.6617161876357694,1625,5
452,-0.7205994779510874,1.359786618103852,-0.2908123898005022,-0.7756204940184701,1154,5
453,0.9349731168204962,0.5567062900821205,-0.6446491714550789,-1.043899424667918,935,5
454,0.8202158944584043,0.5173000656474064,-0.6149007101644667,-0.9301523641990962,1302,5
455,0.2993341852548921,0.2958005164240842,-0.4719498820926678,-0.3728866620488272,2222,5
456,0.43018900360110895,0.5723503473261099,-0.4735162524318487,-0.7481389897091004,1642,5
457,0.6102763497020746,0.7501536411037943,-0.6699848051230565,-0.9989811471793704,1412,5
458,0.12556191197761263,0.8214432420607506,-0.07331258674107576,-0.9040344018008465,1376,5
459,-0.00748500502571995,1.085907596938061,-0.47405226832553177,-0.9550818904406457,898,5
460,1.178984025905154,0.21850437136359047,-0.548489670297642,-0.9049513619805767,945,4
461,1.176880212025489,0.11077641976316616,-0.6771610600396148,-0.7545888968608749,679,4
462,0.5313570887996708,0.8678933451462243,-0.4910660748756045,-1.1164475422576419,1089,5
463,2.312296347187217,-0.3812630912737347,-0.6248623661444904,-1.0882543839750294,775,4
464,-0.37381581217142035,1.2937086260114328,-0.5463375959973801,-0.8804472523480104,852,5
465,-0.39038637351706046,1.4337483737693468,-0.6428704612505103,-0.9815761538502285,591,5
466,-0.13017656197556096,0.4155435754029789,-0.21099988110153517,-0.26469202957238447,826,5
467,-0.34892429018799087,-0.23418280287088628,-0.5039495738484975,0.6434300096032423,351,7
468,-0.37909746211363793,-1.031314731953211,-0.11715875249471468,1.3584069633423608,959,7
469,-0.4682523426910363,-0.8218506603943802,2.377430787870915,0.4490586098834862,1307,6
470,-0.5583194109715163,-1.0417689719498817,0.022276118270180105,1.4557219842080775,565,7
471,-0.7856420254253624,-1.047141756599832,0.11728008335618281,1.5960818318812862,676,7
472,-0.4569278230940153,-0.5962654650138256,1.2370570481340881,0.5589851695729808,1461,6
473,-0.8617154373699368,-1.047141756599832,0.11918930940003424,1.6503335635504746,369,7
474,-0.3756025502972435,-1.0108955079165853,0.048776034325545524,1.2845251823549122,670,7
475,0.1511071241161842,-0.8937017796774128,0.15340221390959516,0.7537245339861696,732,7
476,-0.5989881999372341,-0.8854452376623833,0.005152930036851833,1.3311852110006996,995,7
477,-0.030048424957331787,-0.7957366108348527,0.12445056455808994,0.7934406420575792,809,7
478,0.5605362409650174,-0.8217898065440568,-0.5001676636696522,0.5846704813293683,229,7
479,-0.044657501644924234,-0.7577591705920232,-0.17486426214316214,0.8565710606585393,1049,7
480,-0.5521419068929365,-0.6988620264228136,0.5428022757753014,0.9436559729993609,706,7
481,-0.2811948741937738,-0.769656364353776,0.10400748175843078,0.9541605690871631,908,7
482,-0.6924349621419199,-1.0282085549747473,-0.08730572868608016,1.571999440768209,481,7
483,-0.6843856909060324,-0.6451833574090682,0.4549253224660533,1.0111443573266639,725,7
484,0.28581532716840224,0.42271377229987855,-0.42904176287722046,-0.5053661318069699,1266,5
485,1.4571341582282662,0.16710757428893377,-0.6355191205512024,-1.0266115221146535,730,4
486,-0.5744506134719807,0.2329626568295188,-0.3066721407642816,0.2704956459669467,1641,5
487,-0.6523033458506081,0.9501182684658953,-0.4826382129820512,-0.3495035850712845,573,5
488,-0.56859171145491,-0.48237462595389446,-0.42765121741410655,1.0310603982158668,731,7
489,0.5576755268952857,0.33532364401396975,-0.45126901037317363,-0.6056213756850972,314,5
490,-0.5493350183902419,-0.1896991767011592,0.6846599982488621,0.38027765366003985,439,7
491,0.14616335310314982,0.21207977172925832,0.7114176875925089,-0.538034259596087,540,5
492,-0.7040889960686885,-0.1469224250788506,-0.3743395996985925,0.7711279905906119,870,7
493,-0.6347308572387032,1.293889792359441,-0.44101362070914024,-0.724671530919593,472,5
494,-0.8617154373699368,-1.047141756599832,-0.6771610600396148,1.8930979889425696,18,7
495,-0.8617154373699368,-0.9059499739383478,0.9723762328734675,1.2465697958975426,43,7
496,-0.48497092107299694,-0.3799717945730377,0.4363413511889964,0.6031992497049943,91,7
497,-0.16677453906544634,-0.08898651721608113,-0.4032996561969023,0.3337058253443698,1036,7
498,-0.6431778455938357,-0.8432566077565692,-0.5637333890450585,1.4935299846173402,804,7
499,-0.6751952924046256,-0.9548155096261188,-0.5974583441860724,1.6404084172507885,1907,7
500,0.20620243372064048,-0.5017850867383291,-0.4814198119614365,0.5087311175501699,1553,7
501,-0.34826775165723234,-0.17654789671732077,-0.20875471554259808,0.49432001153697636,1060,7
502,0.9130747019026424,-0.644691694278745,-0.446868515899152,0.1341023032351888,792,4
503,-0.3715690747842349,-0.6342594493424465,-0.5257683313826181,1.0735109012453845,1941,7
504,0.009007036801325504,-0.5751720520140927,-0.4265246515757896,0.7088116581017476,1132,7
505,-0.15971070768987147,-0.6064867574869734,-0.5545859962229168,0.9013275064326942,1984,7
506,0.245653692006338,0.16640406946223113,-0.33665899014015876,-0.24376634009810144,863,5
507,0.9126663286538451,0.27656820579462954,-0.3585172882729367,-0.8299859902197081,954,4
508,0.9127151246906025,0.47163975471950265,-0.5735662031227549,-0.962963828555097,1565,5
509,0.3482993032072936,0.043896980419338434,-0.11687284676611238,-0.2600944343652316,1700,5
510,0.6414122514720206,-0.31870964711648925,-0.45656152573960695,0.0011611092465428053,2067,4
511,-0.03331486691085831,-0.5373799559702341,0.986118135653058,0.27022223487424163,1852,6
512,0.1307693216767038,-0.13686113371133293,0.4080193353746141,-0.07937557457766714,747,7
513,-0.17708036971101343,0.036351705998080755,0.11174808004925058,0.05658312174220269,989,5
514,0.4544210704052341,-0.43888015357971066,-0.27867733197634215,0.20399936391690157,1068,7
515,0.5593438117637578,-0.7313421906989827,-0.42021567268913745,0.46911987729947313,1538,7
516,1.171563300584154,-0.8197985377213077,-0.5411787958804843,0.1547177103847526,2310,4
517,0.5303584606950065,-0.6860092788924741,-0.07443325814862375,0.33847251672593404,2589,7
518,-0.8617154373699368,-1.047141756599832,-0.6771610600396148,1.8930979889425696,59,7
519,-0.8617154373699368,-1.047141756599832,-0.6771610600396148,1.8930979889425696,41,7
520,0.15758533659957005,-0.838619967300009,-0.056877777597732826,0.7571083430008895,2140,7
521,0.2707047882195247,-0.8241791314682942,-0.3264242515724178,0.7430474167636991,2369,7
522,1.022057511028706,-0.8750689904578411,-0.0919470655179682,0.18177666132700998,1870,4
523,0.16735184537286152,-0.2415718121590651,0.17544305160015677,0.07170648184779453,1545,7
524,-0.36935917899704035,-0.6704789356669658,0.8315937695865053,0.6949872259733029,1088,7
525,-0.4423275949173394,-0.5588468906912452,0.724799849845857,0.6665448778026539,889,7
526,0.13812898651549835,-0.5979614294472433,-0.18202416541139335,0.5643952904578176,1453,7
527,-0.35431240834136346,-0.9164434688055518,-0.4590264513407039,1.3278690868733054,1951,7
528,0.6407802758920007,-1.036169624091801,-0.5306617066586938,0.7542736296271121,1660,7
529,2.2935198866169353,-1.0397287570217566,-0.5781830679304049,-0.41891349395986843,819,4
530,-0.6789229262045378,-0.9731522916167658,-0.45762693536136734,1.6191272290371583,1477,7
531,-0.1865745311400436,-0.8911208928543481,-0.05447060549221826,1.0578686435885594,895,7
532,-0.19766524911872774,0.17340264570483171,0.47270977671702763,-0.17807642979076996,1736,5
533,-0.7932574681546383,-0.9016646003431907,0.2832495926271075,1.4029422520073562,939,7
534,-0.26227105115507304,-0.8704373578823097,-0.4570726164648893,1.2141154411930908,1151,7
535,-0.7921068327963585,-0.8284739745541856,0.41054835748257096,1.2888295247743873,1416,7
536,-0.8529784977718171,-1.047141756599832,-0.6771610600396148,1.8868003986603328,981,7
537,-0.8198293640858543,-0.9247525448731085,-0.13863946018030418,1.5742002506096968,1637,7
538,-0.8155475217559187,-0.7739741314632592,-0.19556068255955958,1.4350380904480573,1578,7
539,-0.4983589743329256,-0.7569533254855176,-0.16335791085174942,1.1792716271008543,1203,7
540,-0.502931996849944,-0.677219286026743,-0.2624202549643256,1.1316314504673155,1075,7
541,-0.445782897599787,-0.04975716300981564,-0.37083716679947654,0.4850003889747075,1257,7
542,0.9240929219710692,-0.09590190145057904,0.3199714730281614,-0.6660415527782052,1819,4
543,-0.012582286087669805,0.21033936161159875,0.09456850583542205,-0.23379517092265342,1615,5
544,1.7077582164494682,-0.6373920577160063,-0.1917357395193745,-0.5239101408666509,3319,4
545,-0.28928818720215854,-0.055358683987618194,-0.4759668518013765,0.40994727252680124,1662,7
546,-0.7468553659157289,-0.7721962057054258,-0.5273219185655984,1.484851751621367,1082,7
547,-0.29275105935383494,-0.6570318651866328,-0.5219340856062135,1.0387025754386214,1175,7
548,-0.6248302232912705,-0.14713283043856093,-0.21889046968974915,0.6668242470252288,995,7
549,-0.3921771086894246,-0.25787969152213425,0.04535676540281099,0.5312659950706241,1150,7
550,-0.5169075970234559,-0.6035120749532797,-0.252878244726644,1.0637937632167784,1218,7
551,-0.6398023633075097,-0.848718160508077,-0.3416924643307573,1.428966119741881,1178,7
552,-0.6594973054374142,-0.7055652660594351,-0.21741187935992504,1.259607267021661,1102,7
553,-0.8233495566816853,-0.8867999693965259,-0.3687298639481803,1.6082602920365294,1117,7
554,-0.7317012125218388,-0.9656722857409009,-0.06824285114546234,1.5308561133761127,1714,7
555,-0.27483595885813183,-0.8490124951494507,1.6966236257159246,0.5448246456764994,1716,6
556,-0.6709399500865652,-0.9054134145036948,1.6112617021466122,0.9137509034228012,921,6
557,-0.21786494565153375,-0.22256138165734093,0.4676586065048011,0.24094561528917835,832,7
558,-0.34518872553964564,-0.709403532114215,1.0944139020369519,0.6370540336243353,755,7
559,-0.12419584519444818,-0.7658365399224449,0.9841346453484079,0.5688051762367397,982,7
560,-0.6400532542900563,-0.8901267569159399,1.4192952038597706,0.9344527371861503,696,7
561,-0.38110210583225185,-0.854223638608159,0.08043684217947765,1.1194125375769526,535,7
562,-0.4676493341168158,-1.0122495344478561,0.33224380776379286,1.265836281003184,522,7
563,2.3686083673996197,-0.983191824755789,-0.39698948560144803,-0.5858039417750946,1519,4
564,-0.8284210066150602,-0.9898658447654564,1.2684403228651604,1.2177076420089867,901,7
565,-0.6477163515284132,-0.9577443986918883,0.6332359516892156,1.24840939809713,781,7
566,-0.8034361689264505,-0.871004047676711,2.5565387800759676,0.6860760284607033,1103,6
567,-0.7683597876495721,-0.9369272167110696,2.3185531552315504,0.8004236119693986,964,6
568,1.1897833478823399,-1.0212909496770177,0.47542230564635096,0.03671087395710515,1644,4
569,3.1811797257222247,-1.0389594834806355,-0.6498487367453281,-1.0376749160977212,371,4
570,-0.1814245381949553,-0.959526142741135,1.0861995071479695,0.7760348461205733,1178,7
571,-0.7391437640990707,-0.9110103432674933,2.707618903697187,0.6343871448088466,2832,6
572,-0.8253538832970352,-1.047141756599832,1.5582119017504774,1.185443494009649,825,7
573,-0.8255394014300602,-0.9150724300258917,1.0862218493787859,1.1950714463216618,1540,7
574,-0.6477686300730704,-0.7775913620713617,2.3542049744922386,0.5404972761302537,2624,6
575,1.7680040982595555,-1.047141756599832,-0.36462117870612964,-0.09768173390585362,616,4
576,0.9200148277123642,-1.0306438037344954,-0.01632158554959119,0.39058364659124906,368,4
577,-0.7791324171080131,-0.8862725231544862,0.5153517425156791,1.3063428772917032,1453,7
578,-0.7904229792259457,-0.8170852752392063,1.570426062070632,0.9224425995075424,541,6
579,-0.3859751095637988,-0.5591774384584763,0.9336596128291993,0.5625922196556107,1126,7
580,-0.24950559838740957,-0.27675667691830425,0.7533620376799657,0.2318042566737418,595,7
581,-0.706184741257681,-1.0183279115061568,3.2379407735666446,0.558167080019895,1791,6
582,-0.7635969581255991,-1.0246556578796697,2.4070531607452494,0.859281751489126,1485,6
583,-0.7909462266251677,-1.0137220502450954,2.7996225237910783,0.7481960756318448,1090,6
584,-0.8253207972605722,-1.0020263356007801,1.4096512083075086,1.1847995863709477,942,7
585,-0.5580207928352974,-1.047141756599832,-0.6771610600396148,1.6741947424785057,381,7
586,-0.5370587045761724,-1.047141756599832,-0.6771610600396148,1.6590852591367098,264,7
587,3.1716670312208315,-1.047141756599832,-0.6771610600396148,-1.0141660425278793,17,4
588,2.789580911718679,-0.9654657926387042,0.004422254456822121,-1.0296475494219204,223,4
589,3.1662132388203927,-1.047141756599832,-0.6771610600396148,-1.01023494633148,416,4
590,3.1921064694062573,-1.047141756599832,-0.6771610600396148,-1.0288987994441148,74,4
591,2.9153079760137905,-1.047141756599832,-0.6771610600396148,-0.8293823117140795,295,4
592,2.9553961816413397,-1.047141756599832,-0.6771610600396148,-0.858277909692886,366,4
593,1.1697081192539038,-1.047141756599832,-0.6771610600396148,0.42884690815733145,308,4
594,2.7204970050868,-0.9900616598486508,-0.48662842522938576,-0.805128788983049,585,4
595,0.9238965929957679,-1.047141756599832,-0.6771610600396148,0.6060279750103399,480,4
596,2.4863071195657596,-1.047141756599832,-0.6771610600396148,-0.5201582871803616,96,4
597,1.9388760628878527,-1.047141756599832,-0.6771610600396148,-0.1255697171195594,228,4
598,1.4469546624968328,-1.047141756599832,0.7557703257232646,-0.20781629642559568,297,4
599,2.8307954782542377,-1.047141756599832,-0.6771610600396148,-0.7684656625097399,159,4
600,2.888069826398043,-1.047141756599832,-0.6771610600396148,-0.8097490403151133,240,4
601,1.9062361292479486,-1.047141756599832,-0.6197510207071482,-0.11954407250386366,353,4
602,-0.6108587228600232,-1.0199939057059775,0.2537450614777681,1.4008721884923903,1230,7
603,-0.8617154373699368,-1.047141756599832,-0.6771610600396148,1.8930979889425696,156,7
604,-0.7148538636364878,-0.9959795656915975,0.06288014922074872,1.5095800477124264,1780,7
605,-0.771495040046196,-1.0189471126937462,0.04437471293298069,1.5794195013365477,1615,7
606,-0.7586838791940644,-1.0266153779784968,-0.12141376343618399,1.6285282249967712,1331,7
607,-0.7102939348509831,-0.9943631120996194,-0.13158859428004402,1.5639314570563687,1783,7
608,-0.44176594133948405,-1.0284033409996967,-0.30968808065498743,1.4593077249876332,1296,7
609,-0.642861326284734,-1.0435365032420862,0.008793453860956075,1.5225685692547166,842,7
610,-0.6750901800026825,-1.0275570899725939,0.10731934838725199,1.4995036750045845,1240,7
611,-0.23254687708595442,-1.047141756599832,-0.6771610600396148,1.4395929868035677,361,7
612,-0.7816132154469894,-1.0294103119314797,-0.07345023170877546,1.6332782478123253,856,7
613,-0.8524395307186864,-1.0274299168126768,-0.41396958102194303,1.7861207410313196,462,7
614,-0.8421470863522305,-1.0055578754050114,-0.43424974635720887,1.7626278779412203,876,7
615,-0.7335176505744503,-1.0082235088149356,-0.46064670230071814,1.6950872175683804,234,7
616,-0.7962884316771477,-1.0239690594454662,-0.5998108925420548,1.7987783543337954,262,7
617,-0.8074689959411052,-0.7925720788422981,-0.11600517716570237,1.4238876547495543,1264,7
618,-0.8328376147764214,-0.4293801361004937,-0.5132871202738946,1.1937090002397732,742,7
619,-0.833669175112884,-0.6577555182912619,-0.3057992611115387,1.3634450931568458,764,7
620,-0.8451947400959288,-0.8294756275083609,-0.3880968643104911,1.5715785714298152,1297,7
621,-0.3653114977911182,-1.0084303007797863,-0.26796963198132173,1.3711575879685645,941,7
622,-0.17068358161840913,-1.0167855233276129,0.006807796057559697,1.1556068709594018,800,7
623,-0.7876778653791637,-1.0224618921508735,-0.296148598799093,1.698467889274769,984,7
624,-0.827210857073015,-1.047141756599832,-0.5792589156707224,1.8383819690266106,621,7
625,-0.7307185722601385,-0.9344657815719443,-0.3121121800265668,1.5727355837279968,916,7
626,0.543918352933946,-0.974286796746506,-0.3691217529973318,0.7118766129561265,625,7
627,-0.7104061719266471,-0.9192168555665623,-0.34247622368058234,1.5518338667974412,878,7
628,-0.829101519007093,-1.0009374441611423,-0.46123989232192064,1.7567508459141323,1314,7
629,0.25377728407104366,-1.039640216252496,-0.21809355030327215,0.9414719226282621,1214,7
630,-0.2476391049758775,-0.8111405528066649,0.3423047146309705,0.8995427220900069,656,7
631,-0.7098254013692086,-0.9280223602151747,-0.07431931158078314,1.4786288604054059,790,7
632,-0.8160506051179615,-1.047141756599832,-0.5525765689472333,1.8222036406341715,1220,7
633,-0.7940227334241167,-1.0434532713905709,-0.18467639699318164,1.690419648960046,823,7
634,-0.8617154373699368,-1.047141756599832,-0.6771610600396148,1.8930979889425696,11,7
635,-0.8617154373699368,-1.047141756599832,-0.6771610600396148,1.8930979889425696,159,7
636,2.8523575857907293,-1.047141756599832,-0.6771610600396148,-0.7840076400364686,15,4
637,-0.8617154373699368,-1.047141756599832,-0.6771610600396148,1.8930979889425696,49,7
638,1.3715570738480147,-1.047141756599832,-0.6771610600396148,0.28335408419352703,71,4
639,1.1810987403748692,-1.047141756599832,-0.6771610600396148,0.42063654295170755,193,4
640,-0.056176175550822,-1.047141756599832,-0.600974052955552,1.289239576390907,133,7
